{
  "home": {
    "fullname": "Pau Ramos",
    "logo": "/logo-white.svg",
    "fast_links": [
      {
        "name": "LinkedIn",
        "url": "https://www.linkedin.com/in/pauramosimo/"
      },
      {
        "name": "GitHub",
        "url": "https://github.com/paura432"
      }
    ],
    "image": "/about/me.webp",
    "intro": "hey, Pau here!",
    "summary": "Software Developer at Telefónica Tech 🌀. Trabajo en identidad digital, verifiable credentials, APIs y soluciones full-stack. Estudiante en 42 Madrid con enfoque en C, C++, sistemas, cloud y seguridad.",
    "projects": [
      {
        "name": "VCS API — TrustOS",
        "image": "/home/webserv.webp",
        "summary": "API para emisión y verificación de credenciales verificables. Integración con Procivis, PrivadoID e Idenfy.",
        "url": "https://github.com/telefonicatech"
      },
      {
        "name": "Demo Identidad Salud",
        "image": "/home/inception.webp",
        "summary": "Flujo completo con QR, wallets, verificación delegada, mTLS y animaciones estilo Telefónica.",
        "url": "https://github.com/paura432"
      },
      {
        "name": "NorteVerse VC Game",
        "image": "/home/minishell.webp",
        "summary": "Juego basado en credenciales verificables con mundos, poderes y matching de atributos.",
        "url": "https://github.com/paura432"
      },
      {
        "name": "Fraude BEC",
        "image": "/home/fdf.webp",
        "summary": "Sistema anti Business Email Compromise: backend TS + Next.js + análisis de firmas y VoP.",
        "url": "https://github.com/paura432"
      }
    ]
  },
  "profiles": [
    {
      "network": "Email",
      "url": "mailto:pauramosimo@gmail.com"
    },
    {
      "network": "LinkedIn",
      "url": "https://www.linkedin.com/in/pauramosimo/"
    },
    {
      "network": "GitHub",
      "url": "https://github.com/paura432"
    },
    {
      "network": "42 Intra",
      "url": "https://profile.intra.42.fr/users/paura"
    }
  ],
  "about": {
    "photos": [
      {
        "image": "/about/littleme.webp",
        "alt": "young pau",
        "caption": "little-me.jpg",
        "date": "2003-10-27"
      },
      {
        "image": "/about/madrid.webp",
        "alt": "madrid",
        "caption": "madrid.jpg",
        "date": "2014-07-30"
      },
      {
        "image": "/about/me.webp",
        "alt": "me",
        "caption": "me.jpg",
        "date": "2024-08-31"
      },
      {
        "image": "/about/mac.webp",
        "alt": "coding",
        "caption": "coding.jpg",
        "date": "2024-08-31"
      }
    ],
    "bio": [
      "Hi, I'm Pau from Salamanca, Spain. Trabajo como Software Developer en Telefónica Tech, centrado en identidad digital, verifiable credentials y demos técnicas para clientes.",
      "Estoy estudiando en 42 Madrid desde 2023, donde he aprendido C, C++, programación de sistemas, shells, threads y fundamentos de arquitectura.",
      "Fuera del código, me encanta entrenar, cocinar y hacer demos visuales con QR, wallets, animaciones y mTLS 🙂"
    ],
    "work_intro": "Here are some of the places I have worked.",
    "work": [
      {
        "area": "Software Developer",
        "company": "Telefónica Tech",
        "logo": "/about/telefonica.webp",
        "url": "https://telefonicatech.com/",
        "date": "Mar 2024 - Now",
        "key": "1"
      },
      {
        "area": "IT Technician",
        "company": "AllCloud Computing",
        "logo": "/about/techtitute.webp",
        "url": "",
        "date": "2021 - 2022",
        "key": "2"
      }
    ],
    "education_intro": "Here are some of my studies.",
    "education": [
      {
        "area": "Software Engineering",
        "company": "42 Madrid",
        "logo": "/about/42.webp",
        "url": "https://www.42network.org/",
        "date": "Sept 2023 - Now",
        "key": "1"
      }
    ],
    "certificates_intro": "Here are some of my latest certifications.",
    "certificates": [
      {
        "alt": "Blockchain & Digital Identity Projects",
        "logo": "/about/telefonica.webp",
        "url": "",
        "key": "1"
      }
    ],
    "cerficatesv2": [
      {
        "alt": "Verifiable Credentials Specialist",
        "logo": "/about/OSCP.webp",
        "url": "",
        "key": "2"
      }
    ]
  }
}
