{
  "home": {
    "fullname": "Miguel Guardia",
    "logo": "/logo-white.svg",
    "fast_links": [
      {
        "name": "LinkedIn",
        "url": "https://www.linkedin.com/in/miguel-guardia-sanchez/"
      },
      {
        "name": "GitHub",
        "url": "https://github.com/MGuardia10"
      }
    ],
    "image": "/links/mguardia.webp",
    "intro": "hey, Miguel here!",
    "summary": "Data Platform Engineer at Fever 👾. I consider myself a proactive person, with a great work ethic and good social skills. I specialize in automation-driven processes, leveraging DevOps best practices and modern cloud environments.",
    "projects": [
      {
        "name": "WebServ",
        "image": "/home/webserv.webp",
        "summary": "Lightweight HTTP server written in C++.",
        "url": "https://github.com/MGuardia10/42cursus_webserv"
      },
      {
        "name": "Inception",
        "image": "/home/inception.webp",
        "summary": "Set up a small-medium infrastructure using Docker and Docker Compose.",
        "url": "https://github.com/MGuardia10/42cursus_inception"
      },
      {
        "name": "minishell",
        "image": "home/minishell.webp",
        "summary": "Recreating a shell in C using bash as a reference.",
        "url": "https://github.com/MGuardia10/42cursus_minishell"
      },
      {
        "name": "FDF",
        "image": "/home/fdf.webp",
        "summary": "Representing a landscape as a 3D object in which all surfaces are outlined in lines.",
        "url": "https://github.com/MGuardia10/42cursus_fdf"
      }
    ]
  },
  "profiles": [
    {
      "network": "Email",
      "url": "mailto:mike.guardia0309@gmail.com"
    },
    {
      "network": "LinkedIn",
      "url": "https://www.linkedin.com/in/miguel-guardia-sanchez/"
    },
    {
      "network": "GitHub",
      "url": "https://github.com/MGuardia10"
    },
    {
      "network": "42 Intra",
      "url": "https://profile.intra.42.fr/users/mguardia"
    }
  ],
  "about": {
    "photos": [
      {
        "image": "/about/littleme.webp",
        "alt": "young me",
        "caption": "little-me.jpg",
        "date": "2003-10-27"
      },
      {
        "image": "/about/madrid.webp",
        "alt": "photo of madrid",
        "caption": "madrid.jpg",
        "date": "2014-07-30"
      },
      {
        "image": "/about/me.webp",
        "alt": "me",
        "caption": "me.jpg",
        "date": "2023-05-31"
      },
      {
        "image": "/about/mac.webp",
        "alt": "coding on my personal computer",
        "caption": "coding.jpg",
        "date": "2024-08-31"
      }
    ],
    "bio": [
      "Hi, I'm Miguel from Madrid, Spain. I've been coding since 2022. A year later, I was accepted into 42 School, where I learned a variety of technologies and foundational software development principles.",
      "Currently, I'm focusing on cloud environments and working to enhance my skills through certifications. I have a particular interest in automation and DevOps practices.",
      "When I'm not at my desk, you'll probably find me lifting weights, playing football, or exploring new restaurants 🙂"
    ],
    "work_intro": "Here are some of the places I have worked.",
    "work": [
      {
        "area": "Data Platform Engineer",
        "company": "Fever",
        "logo": "/about/fever.webp",
        "url": "https://feverup.com/",
        "date": "Nov 2025 - Now",
        "key": "1"
      },
      {
        "area": "Cybersecurity Automation Specialist",
        "company": "Telefónica Tech",
        "logo": "/about/telefonica.webp",
        "url": "https://telefonicatech.com/",
        "date": "Dec 2024 - Nov 2025",
        "key": "2"
      }
    ],
    "education_intro": "Right now I'm focused on completing cloud specialization at 42 Madrid.",
    "education": [
      {
        "area": "Cloud Specialization",
        "company": "42 The Network",
        "logo": "/about/42.webp",
        "url": "https://www.42network.org/",
        "date": "May 2025 - Now",
        "key": "1"
      },
      {
        "area": "Software Engineering",
        "company": "42 The Network",
        "logo": "/about/42.webp",
        "url": "https://www.42network.org/",
        "date": "Sept 2023 - May 2025",
        "key": "2"
      }
    ],
    "certificates_intro": "Here are all my current certifications.",
    "certificates": [
      {
        "alt": "GCP - Associate Cloud Engineer (ACE)",
        "logo": "/about/ACE.webp",
        "url": "https://www.credly.com/badges/822347e5-1d0a-4854-b11e-25b81832611d/public_url",
        "key": "2"
      },
      {
        "alt": "Techtitute - Cloud Architect Bootcamp",
        "logo": "/about/techtitute.webp",
        "url": "",
        "key": "1"
      }
    ],
    "cerficatesv2": [
      {
        "alt": "OFFSEC - Offensive Security Certified Professional (OSCP)",
        "logo": "/about/OSCP.webp",
        "url": "",
        "key": "6"
      },
      {
        "alt": "Zero Point Security - Certfied Red Team Operator (CRTO)",
        "logo": "/about/CRTO.webp",
        "url": "",
        "key": "5"
      },
      {
        "alt": "INE - Certified Professional Penetration Tester v2 (eCPPT v2)",
        "logo": "/about/eCPPT.webp",
        "url": "",
        "key": "4"
      },
      {
        "alt": "INE - Junior Penetration Tester v2 (eJPT v2)",
        "logo": "/about/eJPT.webp",
        "url": "",
        "key": "3"
      }
    ]
  }
}
