{
  "home": {
    "fullname": "Pau Ramos",
    "logo": "/logo-white.svg",
    "fast_links": [
      {
        "name": "LinkedIn",
        "url": "https://www.linkedin.com/in/pauramosimo/"
      },
      {
        "name": "GitHub",
        "url": "https://github.com/paura432"
      }
    ],
    "image": "/about/me.webp",
    "intro": "¡Hola, soy Pau!",
    "summary": "Software Developer en Telefónica Tech especializado en desarrollo de APIs, microservicios y aplicaciones web con tecnología blockchain. Actualmente en formación en 42 Madrid, combino ingeniería, diseño y seguridad para ofrecer soluciones fiables y escalables. Apasionado por la identidad digital y el desarrollo backend.",
    "projects": [
      {
        "name": "VCS Frontend Demo",
        "image": "/home/webserv.webp",
        "summary": "Frontend principal para la demo de credenciales verificables de Telefónica Tech. Flujos de autenticación y verificación con wallets PrivadoID, Procivis e Identfy.",
        "url": "https://vcs-dev.trustos.telefonicatech.com"
      },
      {
        "name": "VCS API — TrustOS",
        "image": "/home/inception.webp",
        "summary": "API para generar credenciales verificables interoperables con múltiples wallets. Integrado en el ecosistema TrustOS.",
        "url": "https://github.com/telefonicatech"
      },
      {
        "name": "TrustOS Blockchain APIs",
        "image": "/home/minishell.webp",
        "summary": "Contribución al desarrollo del ecosistema de APIs blockchain de TrustOS (CertAPI, TokenAPI, IDAPI, DBAPI, EVMAPI).",
        "url": "https://github.com/telefonicatech"
      },
      {
        "name": "Proyecto ASO",
        "image": "/home/fdf.webp",
        "summary": "Infraestructura IT automatizada para gestión de usuarios, impresoras, backups y permisos. Active Directory, PowerShell y scripts .bat.",
        "url": "https://github.com/Proyecto-ASO"
      }
    ]
  },
  "profiles": [
    {
      "network": "Email",
      "url": "mailto:pauramosimo@gmail.com"
    },
    {
      "network": "LinkedIn",
      "url": "https://www.linkedin.com/in/pauramosimo/"
    },
    {
      "network": "GitHub",
      "url": "https://github.com/paura432"
    },
    {
      "network": "Teléfono",
      "url": "tel:+34630118759"
    }
  ],
  "about": {
    "photos": [
      {
        "image": "/about/littleme.webp",
        "alt": "young pau",
        "caption": "little-me.jpg",
        "date": "2003-10-27"
      },
      {
        "image": "/about/madrid.webp",
        "alt": "madrid",
        "caption": "madrid.jpg",
        "date": "2014-07-30"
      },
      {
        "image": "/about/me.webp",
        "alt": "me",
        "caption": "me.jpg",
        "date": "2024-08-31"
      },
      {
        "image": "/about/mac.webp",
        "alt": "coding",
        "caption": "coding.jpg",
        "date": "2024-08-31"
      }
    ],
    "bio": [
      "Hola, soy Pau de Madrid, España. Trabajo como Software Developer en Telefónica Tech, especializado en identidad digital, credenciales verificables y demos técnicas para clientes corporativos.",
      "Estoy estudiando en 42 Madrid desde 2023, donde desarrollo habilidades en C, C++, programación de sistemas, arquitectura de software y seguridad. Combino formación técnica con experiencia profesional en desarrollo de APIs y microservicios blockchain.",
      "Me apasiona crear soluciones tecnológicas claras, simples y eficientes. Fuera del código, disfruto del deporte, la cocina y construir demos interactivas con QR, wallets digitales y tecnologías modernas 🚀"
    ],
    "work_intro": "Lugares donde he trabajado",
    "work": [
      {
        "area": "Software Developer",
        "company": "Telefónica Tech",
        "logo": "/about/telefonica.webp",
        "url": "https://telefonicatech.com/",
        "date": "2024 - Actualidad",
        "key": "1"
      },
      {
        "area": "IT Technician Intern",
        "company": "AllCloud Computing",
        "logo": "/about/techtitute.webp",
        "url": "",
        "date": "Mar 2022 - May 2022",
        "key": "2"
      }
    ],
    "education_intro": "Mis estudios",
    "education": [
      {
        "area": "Ingeniería de Software",
        "company": "42 Madrid",
        "logo": "/about/42.webp",
        "url": "https://www.42network.org/",
        "date": "2023 - Actualidad",
        "key": "1"
      },
      {
        "area": "CFGS Administración de Sistemas Informáticos en Red",
        "company": "ITEP",
        "logo": "/about/techtitute.webp",
        "url": "",
        "date": "2020 - 2022",
        "key": "2"
      },
      {
        "area": "Bachillerato Científico-Tecnológico",
        "company": "Mater Salvatoris Lleida",
        "logo": "/about/techtitute.webp",
        "url": "",
        "date": "2018 - 2020",
        "key": "3"
      }
    ],
    "certificates_intro": "Certificaciones y proyectos destacados",
    "certificates": [
      {
        "alt": "Blockchain & Digital Identity Projects",
        "logo": "/about/telefonica.webp",
        "url": "",
        "key": "1"
      }
    ],
    "cerficatesv2": [
      {
        "alt": "TrustOS Ecosystem Development",
        "logo": "/about/telefonica.webp",
        "url": "",
        "key": "2"
      }
    ]
  }
}
